id_viaje,pasajeros,numero_paradas,transbordos,tiempo_estimado,hora_pico,retraso
1,38,5,0,20,1,No
2,38,6,1,27,0,No
3,65,4,1,21,1,Si
4,75,5,1,28,1,Si
5,22,6,1,28,1,Si
6,65,5,0,25,1,Si
7,52,6,1,29,1,Si
8,38,5,1,28,0,No
9,38,5,1,26,1,Si
10,75,5,2,29,0,Si
11,28,2,1,14,0,No
12,62,6,2,30,0,Si
13,72,4,2,22,1,Si
14,48,3,1,15,0,No
15,58,4,1,20,0,No
16,48,6,1,27,0,Si
17,32,6,1,29,0,No
18,22,2,1,13,1,No
19,42,4,0,18,0,No
20,58,6,1,30,0,Si
21,58,2,0,13,0,No
22,55,6,1,32,0,Si
23,52,6,2,31,0,Si
24,78,3,1,19,1,Si
25,65,3,1,19,1,Si
26,28,2,1,13,0,No
27,32,3,1,18,1,No
28,82,5,0,20,1,Si
29,65,5,0,20,0,No
30,68,5,1,26,0,Si
31,48,3,1,20,0,No
32,32,3,1,19,1,No
33,65,4,1,23,0,No
34,25,2,0,10,1,No
35,82,6,1,28,1,Si
36,22,5,0,24,1,Si
37,58,4,1,19,0,No
38,42,2,0,8,0,No
39,65,6,0,29,0,Si
40,38,2,1,13,0,No
41,65,4,1,19,1,Si
42,52,2,1,15,0,No
43,32,3,1,16,1,No
44,32,5,0,21,0,No
45,38,6,0,25,0,No
46,55,4,1,23,1,Si
47,35,5,1,26,0,No
48,22,5,0,23,1,No
49,48,3,1,17,0,No
50,65,2,1,15,1,Si
51,82,3,1,17,0,No
52,82,2,1,15,1,Si
53,32,2,2,17,1,Si
54,25,3,1,15,1,No
55,48,3,1,19,0,No
56,32,3,2,22,1,Si
57,45,5,2,31,1,Si
58,55,2,2,18,0,No
59,58,4,2,25,0,Si
60,72,4,1,20,0,No
61,45,6,1,30,0,Si
62,58,6,1,30,1,Si
63,52,2,1,14,0,No
64,38,3,1,19,0,No
65,28,4,1,24,1,Si
66,18,6,0,29,0,No
67,72,6,1,29,0,Si
68,55,4,1,19,1,Si
69,52,6,1,30,0,Si
70,68,5,2,26,1,Si
71,42,3,1,15,1,No
72,38,6,0,24,0,No
